Date,Time,Location,Vehicle_Count,Avg_Speed_kmph,Traffic_Density,Traffic_Light,Weather,Accident,Congestion_Level
2026-01-01,00:00,Main Junction,52,32,Low,Red,Clear,No,Low
2026-01-01,01:00,Main Junction,84,52,Low,Green,Clear,No,Low
2026-01-01,02:00,Main Junction,151,29,Medium,Yellow,Rainy,No,Medium
2026-01-01,03:00,City Center,141,60,Medium,Yellow,Rainy,Yes,Medium
2026-01-01,04:00,Bus Stand,269,52,Very High,Green,Clear,No,Very High
2026-01-01,05:00,Market Road,214,32,High,Red,Clear,No,High
2026-01-01,06:00,Main Junction,87,39,Low,Red,Cloudy,No,Low
2026-01-01,07:00,City Center,175,17,High,Yellow,Cloudy,No,High
2026-01-01,08:00,Market Road,80,50,Low,Green,Rainy,No,Low
2026-01-01,09:00,City Center,138,60,Medium,Red,Clear,No,Medium
2026-01-01,10:00,Railway Road,80,29,Low,Red,Cloudy,No,Low
2026-01-01,11:00,Market Road,226,25,Very High,Green,Cloudy,No,Very High
2026-01-01,12:00,Railway Road,76,53,Low,Yellow,Clear,No,Low
2026-01-01,13:00,Bus Stand,276,39,Very High,Green,Rainy,No,Very High
2026-01-01,14:00,Railway Road,68,29,Low,Red,Cloudy,Yes,Low
2026-01-01,15:00,Railway Road,73,28,Low,Yellow,Rainy,No,Low
2026-01-01,16:00,Bus Stand,295,40,Very High,Yellow,Cloudy,No,Very High
2026-01-01,17:00,Railway Road,111,30,Medium,Yellow,Rainy,No,Medium
2026-01-01,18:00,City Center,259,52,Very High,Green,Cloudy,No,Very High
2026-01-01,19:00,Bus Stand,300,46,Very High,Red,Clear,No,Very High
2026-01-01,20:00,Bus Stand,121,58,Medium,Green,Rainy,No,Medium
2026-01-01,21:00,Market Road,235,53,Very High,Green,Rainy,No,Very High
2026-01-01,22:00,City Center,45,58,Low,Yellow,Clear,No,Low
2026-01-01,23:00,Railway Road,97,33,Low,Green,Clear,Yes,Low
2026-01-02,00:00,Main Junction,174,47,High,Red,Rainy,No,High
2026-01-02,01:00,Railway Road,299,53,Very High,Red,Clear,No,Very High
2026-01-02,02:00,Bus Stand,40,53,Low,Green,Cloudy,No,Low
2026-01-02,03:00,Main Junction,225,34,Very High,Red,Clear,No,Very High
2026-01-02,04:00,City Center,80,20,Low,Yellow,Cloudy,No,Low
2026-01-02,05:00,City Center,104,23,Medium,Yellow,Cloudy,No,Medium
2026-01-02,06:00,Railway Road,256,28,Very High,Yellow,Rainy,No,Very High
2026-01-02,07:00,Railway Road,244,57,Very High,Yellow,Cloudy,Yes,Very High
2026-01-02,08:00,City Center,271,22,Very High,Red,Clear,No,Very High
2026-01-02,09:00,Railway Road,50,52,Low,Yellow,Clear,No,Low
2026-01-02,10:00,Main Junction,76,60,Low,Yellow,Clear,No,Low
2026-01-02,11:00,Main Junction,56,36,Low,Red,Rainy,No,Low
2026-01-02,12:00,Railway Road,288,28,Very High,Yellow,Clear,Yes,Very High
2026-01-02,13:00,Bus Stand,282,41,Very High,Red,Clear,No,Very High
2026-01-02,14:00,Market Road,221,42,Very High,Green,Cloudy,No,Very High
2026-01-02,15:00,Main Junction,71,40,Low,Yellow,Cloudy,No,Low
2026-01-02,16:00,Bus Stand,138,27,Medium,Yellow,Cloudy,No,Medium
2026-01-02,17:00,Market Road,133,32,Medium,Green,Clear,No,Medium
2026-01-02,18:00,Market Road,90,18,Low,Yellow,Rainy,No,Low
2026-01-02,19:00,Main Junction,161,25,High,Green,Cloudy,Yes,High
2026-01-02,20:00,Bus Stand,245,18,Very High,Red,Cloudy,No,Very High
2026-01-02,21:00,Market Road,175,44,High,Green,Cloudy,Yes,High
2026-01-02,22:00,Bus Stand,137,33,Medium,Red,Clear,No,Medium
2026-01-02,23:00,Railway Road,69,18,Low,Yellow,Cloudy,No,Low
2026-01-03,00:00,Main Junction,300,20,Very High,Red,Clear,No,Very High
2026-01-03,01:00,Bus Stand,246,22,Very High,Yellow,Clear,No,Very High
2026-01-03,02:00,City Center,81,41,Low,Yellow,Rainy,No,Low
2026-01-03,03:00,Railway Road,144,57,Medium,Yellow,Cloudy,No,Medium
2026-01-03,04:00,Railway Road,242,23,Very High,Yellow,Rainy,No,Very High
2026-01-03,05:00,Market Road,201,19,High,Red,Cloudy,No,High
2026-01-03,06:00,Main Junction,149,47,Medium,Green,Clear,No,Medium
2026-01-03,07:00,Main Junction,165,38,High,Green,Clear,Yes,High
2026-01-03,08:00,City Center,194,54,High,Yellow,Rainy,No,High
2026-01-03,09:00,City Center,193,57,High,Red,Clear,No,High
2026-01-03,10:00,Main Junction,94,50,Low,Red,Cloudy,No,Low
2026-01-03,11:00,City Center,147,60,Medium,Green,Clear,No,Medium
2026-01-03,12:00,City Center,290,31,Very High,Red,Clear,Yes,Very High
2026-01-03,13:00,Railway Road,62,15,Low,Green,Clear,No,Low
2026-01-03,14:00,Bus Stand,266,50,Very High,Yellow,Cloudy,No,Very High
2026-01-03,15:00,Main Junction,78,59,Low,Red,Rainy,No,Low
2026-01-03,16:00,Railway Road,115,42,Medium,Red,Clear,No,Medium
2026-01-03,17:00,Railway Road,60,37,Low,Red,Rainy,No,Low
2026-01-03,18:00,Main Junction,221,50,Very High,Green,Rainy,No,Very High
2026-01-03,19:00,Bus Stand,123,26,Medium,Green,Clear,No,Medium
2026-01-03,20:00,Railway Road,250,57,Very High,Yellow,Clear,No,Very High
2026-01-03,21:00,Bus Stand,95,39,Low,Red,Cloudy,No,Low
2026-01-03,22:00,Bus Stand,275,37,Very High,Green,Clear,No,Very High
2026-01-03,23:00,Main Junction,138,40,Medium,Green,Cloudy,No,Medium
2026-01-04,00:00,Railway Road,219,56,High,Yellow,Cloudy,No,High
2026-01-04,01:00,Main Junction,99,31,Low,Red,Rainy,No,Low
2026-01-04,02:00,Main Junction,95,53,Low,Green,Cloudy,No,Low
2026-01-04,03:00,Market Road,99,39,Low,Yellow,Clear,No,Low
2026-01-04,04:00,Main Junction,263,15,Very High,Yellow,Rainy,No,Very High
2026-01-04,05:00,Railway Road,260,19,Very High,Yellow,Cloudy,No,Very High
2026-01-04,06:00,Main Junction,193,47,High,Green,Rainy,Yes,High
2026-01-04,07:00,Railway Road,246,59,Very High,Green,Rainy,No,Very High
2026-01-04,08:00,Bus Stand,255,57,Very High,Green,Rainy,No,Very High
2026-01-04,09:00,City Center,194,40,High,Yellow,Clear,No,High
2026-01-04,10:00,Railway Road,147,42,Medium,Yellow,Rainy,No,Medium
2026-01-04,11:00,Market Road,266,43,Very High,Yellow,Clear,Yes,Very High
2026-01-04,12:00,Bus Stand,83,33,Low,Yellow,Rainy,No,Low
2026-01-04,13:00,Main Junction,160,58,High,Green,Clear,No,High
2026-01-04,14:00,Bus Stand,52,17,Low,Red,Cloudy,No,Low
2026-01-04,15:00,Market Road,252,55,Very High,Yellow,Clear,Yes,Very High
2026-01-04,16:00,Market Road,244,30,Very High,Red,Rainy,No,Very High
2026-01-04,17:00,Main Junction,257,29,Very High,Red,Rainy,Yes,Very High
2026-01-04,18:00,Main Junction,167,22,High,Green,Clear,Yes,High
2026-01-04,19:00,City Center,202,43,High,Yellow,Rainy,Yes,High
2026-01-04,20:00,City Center,268,25,Very High,Yellow,Cloudy,Yes,Very High
2026-01-04,21:00,Railway Road,166,55,High,Green,Rainy,Yes,High
2026-01-04,22:00,Bus Stand,180,43,High,Red,Rainy,No,High
2026-01-04,23:00,Bus Stand,179,36,High,Green,Rainy,No,High
2026-01-05,00:00,Bus Stand,117,29,Medium,Green,Rainy,No,Medium
2026-01-05,01:00,Bus Stand,72,41,Low,Green,Cloudy,Yes,Low
2026-01-05,02:00,Market Road,71,28,Low,Green,Cloudy,No,Low
2026-01-05,03:00,City Center,234,45,Very High,Red,Cloudy,No,Very High
2026-01-05,04:00,Market Road,254,49,Very High,Yellow,Rainy,No,Very High
2026-01-05,05:00,Market Road,152,32,Medium,Green,Cloudy,No,Medium
2026-01-05,06:00,Market Road,212,57,High,Yellow,Cloudy,No,High
2026-01-05,07:00,Market Road,105,54,Medium,Yellow,Clear,Yes,Medium
2026-01-05,08:00,City Center,53,20,Low,Yellow,Cloudy,No,Low
2026-01-05,09:00,Market Road,133,18,Medium,Green,Cloudy,No,Medium
2026-01-05,10:00,Bus Stand,272,35,Very High,Green,Cloudy,No,Very High
2026-01-05,11:00,Market Road,169,20,High,Green,Clear,No,High
2026-01-05,12:00,Railway Road,154,56,Medium,Red,Rainy,No,Medium
2026-01-05,13:00,Main Junction,166,27,High,Red,Rainy,No,High
2026-01-05,14:00,Bus Stand,104,45,Medium,Yellow,Clear,No,Medium
2026-01-05,15:00,Market Road,171,38,High,Red,Rainy,No,High
2026-01-05,16:00,Bus Stand,199,21,High,Yellow,Clear,No,High
2026-01-05,17:00,City Center,232,40,Very High,Yellow,Clear,No,Very High
2026-01-05,18:00,City Center,164,21,High,Yellow,Cloudy,No,High
2026-01-05,19:00,City Center,61,37,Low,Yellow,Cloudy,No,Low
2026-01-05,20:00,Main Junction,299,56,Very High,Green,Clear,Yes,Very High
2026-01-05,21:00,Market Road,94,42,Low,Green,Rainy,Yes,Low
2026-01-05,22:00,Bus Stand,262,26,Very High,Yellow,Rainy,No,Very High
2026-01-05,23:00,City Center,287,44,Very High,Green,Rainy,No,Very High
2026-01-06,00:00,Railway Road,165,20,High,Green,Cloudy,No,High
2026-01-06,01:00,Market Road,234,36,Very High,Red,Cloudy,No,Very High
2026-01-06,02:00,Bus Stand,289,28,Very High,Green,Cloudy,No,Very High
2026-01-06,03:00,Railway Road,181,50,High,Red,Rainy,No,High
2026-01-06,04:00,Main Junction,163,41,High,Green,Rainy,No,High
2026-01-06,05:00,Market Road,291,43,Very High,Red,Clear,No,Very High
2026-01-06,06:00,Bus Stand,247,59,Very High,Red,Cloudy,No,Very High
2026-01-06,07:00,Market Road,216,42,High,Yellow,Rainy,No,High
2026-01-06,08:00,Railway Road,272,32,Very High,Green,Cloudy,No,Very High
2026-01-06,09:00,Main Junction,138,35,Medium,Red,Rainy,No,Medium
2026-01-06,10:00,Bus Stand,150,45,Medium,Green,Rainy,No,Medium
2026-01-06,11:00,Main Junction,139,33,Medium,Red,Cloudy,No,Medium
2026-01-06,12:00,Railway Road,47,60,Low,Yellow,Clear,No,Low
2026-01-06,13:00,Main Junction,67,50,Low,Green,Rainy,No,Low
2026-01-06,14:00,Market Road,92,15,Low,Yellow,Cloudy,Yes,Low
2026-01-06,15:00,Market Road,265,36,Very High,Red,Clear,No,Very High
2026-01-06,16:00,Market Road,98,19,Low,Green,Cloudy,No,Low
2026-01-06,17:00,City Center,67,24,Low,Red,Rainy,No,Low
2026-01-06,18:00,Main Junction,167,22,High,Yellow,Cloudy,No,High
2026-01-06,19:00,City Center,234,43,Very High,Green,Cloudy,Yes,Very High
2026-01-06,20:00,Railway Road,70,54,Low,Yellow,Clear,No,Low
2026-01-06,21:00,Bus Stand,175,57,High,Red,Clear,No,High
2026-01-06,22:00,Bus Stand,78,25,Low,Red,Cloudy,Yes,Low
2026-01-06,23:00,City Center,280,33,Very High,Red,Clear,No,Very High
2026-01-07,00:00,Railway Road,272,19,Very High,Yellow,Clear,No,Very High
2026-01-07,01:00,City Center,141,42,Medium,Red,Rainy,No,Medium
2026-01-07,02:00,Bus Stand,176,24,High,Red,Clear,No,High
2026-01-07,03:00,Railway Road,187,43,High,Red,Cloudy,No,High
2026-01-07,04:00,Market Road,179,47,High,Yellow,Cloudy,Yes,High
2026-01-07,05:00,Main Junction,60,42,Low,Yellow,Cloudy,No,Low
2026-01-07,06:00,Main Junction,86,29,Low,Yellow,Rainy,No,Low
2026-01-07,07:00,Railway Road,60,26,Low,Green,Rainy,Yes,Low
2026-01-07,08:00,Railway Road,132,52,Medium,Green,Rainy,Yes,Medium
2026-01-07,09:00,Main Junction,280,37,Very High,Green,Cloudy,No,Very High
2026-01-07,10:00,Main Junction,122,36,Medium,Green,Rainy,Yes,Medium
2026-01-07,11:00,Railway Road,245,50,Very High,Red,Cloudy,No,Very High
2026-01-07,12:00,Railway Road,169,35,High,Red,Cloudy,No,High
2026-01-07,13:00,City Center,276,41,Very High,Red,Clear,No,Very High
2026-01-07,14:00,City Center,295,55,Very High,Green,Clear,No,Very High
2026-01-07,15:00,Railway Road,107,33,Medium,Green,Rainy,Yes,Medium
2026-01-07,16:00,Main Junction,54,55,Low,Yellow,Clear,No,Low
2026-01-07,17:00,Railway Road,47,50,Low,Green,Clear,No,Low
2026-01-07,18:00,Main Junction,276,22,Very High,Yellow,Clear,Yes,Very High
2026-01-07,19:00,Railway Road,300,60,Very High,Green,Cloudy,Yes,Very High
2026-01-07,20:00,Market Road,164,44,High,Yellow,Clear,Yes,High
2026-01-07,21:00,Bus Stand,300,23,Very High,Red,Cloudy,Yes,Very High
2026-01-07,22:00,Railway Road,299,32,Very High,Red,Cloudy,No,Very High
2026-01-07,23:00,City Center,290,24,Very High,Green,Rainy,Yes,Very High
2026-01-08,00:00,Railway Road,210,50,High,Yellow,Cloudy,Yes,High
2026-01-08,01:00,Railway Road,136,59,Medium,Red,Rainy,Yes,Medium
2026-01-08,02:00,Bus Stand,250,17,Very High,Green,Rainy,Yes,Very High
2026-01-08,03:00,Market Road,237,57,Very High,Yellow,Clear,Yes,Very High
2026-01-08,04:00,Main Junction,104,47,Medium,Yellow,Cloudy,No,Medium
2026-01-08,05:00,Market Road,91,48,Low,Green,Clear,No,Low
2026-01-08,06:00,Market Road,119,19,Medium,Green,Cloudy,No,Medium
2026-01-08,07:00,City Center,243,56,Very High,Red,Cloudy,Yes,Very High
2026-01-08,08:00,Railway Road,289,49,Very High,Red,Rainy,No,Very High
2026-01-08,09:00,Bus Stand,187,29,High,Yellow,Clear,Yes,High
2026-01-08,10:00,Main Junction,91,43,Low,Red,Rainy,No,Low
2026-01-08,11:00,Main Junction,63,35,Low,Red,Cloudy,No,Low
2026-01-08,12:00,Railway Road,260,24,Very High,Red,Rainy,Yes,Very High
2026-01-08,13:00,City Center,132,25,Medium,Red,Clear,Yes,Medium
2026-01-08,14:00,City Center,163,46,High,Yellow,Clear,No,High
2026-01-08,15:00,Market Road,170,44,High,Green,Rainy,No,High
2026-01-08,16:00,Market Road,187,58,High,Yellow,Clear,No,High
2026-01-08,17:00,Market Road,216,52,High,Green,Rainy,Yes,High
2026-01-08,18:00,Railway Road,273,34,Very High,Red,Cloudy,Yes,Very High
2026-01-08,19:00,Main Junction,161,39,High,Yellow,Cloudy,No,High
2026-01-08,20:00,Railway Road,51,57,Low,Green,Cloudy,No,Low
2026-01-08,21:00,City Center,65,53,Low,Yellow,Cloudy,No,Low
2026-01-08,22:00,Bus Stand,220,29,Very High,Yellow,Clear,No,Very High
2026-01-08,23:00,Bus Stand,89,55,Low,Yellow,Clear,No,Low
2026-01-09,00:00,Market Road,57,52,Low,Green,Rainy,No,Low
2026-01-09,01:00,Main Junction,191,35,High,Yellow,Cloudy,No,High
2026-01-09,02:00,Bus Stand,107,49,Medium,Green,Rainy,No,Medium
2026-01-09,03:00,Bus Stand,171,45,High,Green,Rainy,No,High
2026-01-09,04:00,Main Junction,279,19,Very High,Red,Clear,Yes,Very High
2026-01-09,05:00,City Center,227,20,Very High,Green,Clear,No,Very High
2026-01-09,06:00,City Center,103,44,Medium,Green,Rainy,No,Medium
2026-01-09,07:00,City Center,235,55,Very High,Green,Clear,No,Very High
2026-01-09,08:00,Market Road,52,54,Low,Yellow,Cloudy,No,Low
2026-01-09,09:00,Main Junction,277,59,Very High,Green,Rainy,Yes,Very High
2026-01-09,10:00,Main Junction,111,17,Medium,Red,Cloudy,Yes,Medium
2026-01-09,11:00,Main Junction,89,30,Low,Yellow,Clear,Yes,Low
2026-01-09,12:00,Market Road,229,57,Very High,Yellow,Rainy,Yes,Very High
2026-01-09,13:00,City Center,119,41,Medium,Yellow,Clear,Yes,Medium
2026-01-09,14:00,City Center,248,32,Very High,Red,Rainy,No,Very High
2026-01-09,15:00,Bus Stand,267,43,Very High,Red,Cloudy,No,Very High
2026-01-09,16:00,Railway Road,223,18,Very High,Green,Cloudy,No,Very High
2026-01-09,17:00,Main Junction,272,20,Very High,Yellow,Clear,No,Very High
2026-01-09,18:00,Main Junction,210,30,High,Red,Rainy,No,High
2026-01-09,19:00,Main Junction,146,52,Medium,Red,Clear,No,Medium
2026-01-09,20:00,Bus Stand,41,32,Low,Red,Clear,No,Low
2026-01-09,21:00,Bus Stand,96,57,Low,Red,Clear,No,Low
2026-01-09,22:00,Railway Road,161,52,High,Green,Clear,No,High
2026-01-09,23:00,Railway Road,66,23,Low,Yellow,Cloudy,No,Low
2026-01-10,00:00,Main Junction,283,43,Very High,Green,Rainy,No,Very High
2026-01-10,01:00,Market Road,297,29,Very High,Yellow,Clear,No,Very High
2026-01-10,02:00,Market Road,55,18,Low,Green,Cloudy,Yes,Low
2026-01-10,03:00,Main Junction,291,60,Very High,Green,Clear,No,Very High
2026-01-10,04:00,Railway Road,115,19,Medium,Red,Cloudy,No,Medium
2026-01-10,05:00,Market Road,190,44,High,Yellow,Rainy,Yes,High
2026-01-10,06:00,Main Junction,98,56,Low,Yellow,Rainy,No,Low
2026-01-10,07:00,Market Road,271,29,Very High,Green,Cloudy,Yes,Very High
2026-01-10,08:00,Market Road,252,21,Very High,Green,Cloudy,No,Very High
2026-01-10,09:00,Railway Road,231,24,Very High,Yellow,Cloudy,No,Very High
2026-01-10,10:00,Main Junction,83,20,Low,Green,Clear,No,Low
2026-01-10,11:00,Bus Stand,70,52,Low,Yellow,Rainy,No,Low
2026-01-10,12:00,Main Junction,250,37,Very High,Yellow,Cloudy,No,Very High
2026-01-10,13:00,Railway Road,199,37,High,Red,Rainy,No,High
2026-01-10,14:00,Bus Stand,286,29,Very High,Red,Cloudy,No,Very High
2026-01-10,15:00,Main Junction,182,51,High,Red,Cloudy,No,High
2026-01-10,16:00,City Center,176,16,High,Red,Cloudy,No,High
2026-01-10,17:00,Railway Road,219,15,High,Red,Clear,Yes,High
2026-01-10,18:00,Main Junction,112,55,Medium,Red,Clear,No,Medium
2026-01-10,19:00,Market Road,254,44,Very High,Green,Clear,No,Very High
2026-01-10,20:00,Railway Road,206,51,High,Yellow,Clear,No,High
2026-01-10,21:00,Bus Stand,120,54,Medium,Red,Rainy,No,Medium
2026-01-10,22:00,Railway Road,266,57,Very High,Green,Cloudy,Yes,Very High
2026-01-10,23:00,Market Road,179,28,High,Yellow,Clear,No,High
2026-01-11,00:00,Market Road,96,33,Low,Yellow,Rainy,Yes,Low
2026-01-11,01:00,City Center,197,17,High,Red,Cloudy,No,High
2026-01-11,02:00,Main Junction,144,34,Medium,Red,Clear,No,Medium
2026-01-11,03:00,Railway Road,207,22,High,Red,Cloudy,Yes,High
2026-01-11,04:00,Bus Stand,106,39,Medium,Yellow,Rainy,No,Medium
2026-01-11,05:00,City Center,221,19,Very High,Green,Rainy,No,Very High
2026-01-11,06:00,Market Road,49,44,Low,Red,Cloudy,Yes,Low
2026-01-11,07:00,City Center,247,60,Very High,Yellow,Cloudy,No,Very High
2026-01-11,08:00,Main Junction,247,16,Very High,Green,Clear,Yes,Very High
2026-01-11,09:00,Railway Road,85,42,Low,Red,Clear,Yes,Low
2026-01-11,10:00,City Center,245,48,Very High,Red,Cloudy,No,Very High
2026-01-11,11:00,Railway Road,153,36,Medium,Red,Clear,No,Medium
2026-01-11,12:00,City Center,139,37,Medium,Green,Rainy,No,Medium
2026-01-11,13:00,Bus Stand,92,24,Low,Green,Clear,No,Low
2026-01-11,14:00,City Center,118,56,Medium,Red,Clear,Yes,Medium
2026-01-11,15:00,Market Road,269,58,Very High,Yellow,Rainy,No,Very High
2026-01-11,16:00,Railway Road,117,43,Medium,Red,Cloudy,Yes,Medium
2026-01-11,17:00,Railway Road,180,52,High,Red,Cloudy,No,High
2026-01-11,18:00,Railway Road,276,43,Very High,Red,Clear,No,Very High
2026-01-11,19:00,Railway Road,79,56,Low,Red,Rainy,Yes,Low
2026-01-11,20:00,Market Road,61,43,Low,Yellow,Rainy,No,Low
2026-01-11,21:00,Railway Road,283,47,Very High,Red,Clear,Yes,Very High
2026-01-11,22:00,Main Junction,215,60,High,Red,Rainy,No,High
2026-01-11,23:00,Main Junction,166,60,High,Green,Cloudy,No,High
2026-01-12,00:00,Railway Road,230,33,Very High,Green,Cloudy,No,Very High
2026-01-12,01:00,City Center,66,55,Low,Yellow,Cloudy,No,Low
2026-01-12,02:00,Railway Road,88,50,Low,Yellow,Cloudy,No,Low
2026-01-12,03:00,Railway Road,116,36,Medium,Red,Rainy,No,Medium
2026-01-12,04:00,Railway Road,198,56,High,Yellow,Rainy,Yes,High
2026-01-12,05:00,Bus Stand,83,34,Low,Yellow,Cloudy,No,Low
2026-01-12,06:00,Bus Stand,87,56,Low,Yellow,Cloudy,No,Low
2026-01-12,07:00,Main Junction,225,34,Very High,Red,Clear,No,Very High
2026-01-12,08:00,Market Road,138,29,Medium,Red,Clear,No,Medium
2026-01-12,09:00,Railway Road,91,47,Low,Yellow,Rainy,No,Low
2026-01-12,10:00,Railway Road,107,53,Medium,Green,Clear,No,Medium
2026-01-12,11:00,Bus Stand,124,43,Medium,Red,Cloudy,No,Medium
2026-01-12,12:00,Bus Stand,267,54,Very High,Green,Rainy,Yes,Very High
2026-01-12,13:00,Bus Stand,162,34,High,Green,Clear,No,High
2026-01-12,14:00,City Center,265,44,Very High,Green,Cloudy,Yes,Very High
2026-01-12,15:00,Bus Stand,142,53,Medium,Red,Cloudy,No,Medium
2026-01-12,16:00,Market Road,230,50,Very High,Red,Rainy,No,Very High
2026-01-12,17:00,Railway Road,82,25,Low,Green,Cloudy,No,Low
2026-01-12,18:00,Market Road,86,29,Low,Green,Cloudy,No,Low
2026-01-12,19:00,Market Road,67,40,Low,Yellow,Cloudy,No,Low
2026-01-12,20:00,Market Road,81,38,Low,Red,Clear,No,Low
2026-01-12,21:00,Main Junction,211,24,High,Red,Clear,No,High
2026-01-12,22:00,Market Road,111,60,Medium,Green,Cloudy,No,Medium
2026-01-12,23:00,Main Junction,49,31,Low,Red,Clear,Yes,Low
2026-01-13,00:00,Main Junction,187,30,High,Green,Clear,No,High
2026-01-13,01:00,Bus Stand,254,55,Very High,Yellow,Cloudy,No,Very High
2026-01-13,02:00,Main Junction,295,53,Very High,Yellow,Clear,No,Very High
2026-01-13,03:00,Bus Stand,189,42,High,Red,Rainy,No,High
2026-01-13,04:00,Bus Stand,253,26,Very High,Yellow,Rainy,No,Very High
2026-01-13,05:00,City Center,224,19,Very High,Yellow,Rainy,No,Very High
2026-01-13,06:00,Market Road,280,17,Very High,Yellow,Cloudy,No,Very High
2026-01-13,07:00,Railway Road,48,37,Low,Red,Cloudy,No,Low
2026-01-13,08:00,Main Junction,210,23,High,Red,Cloudy,No,High
2026-01-13,09:00,Bus Stand,277,59,Very High,Green,Rainy,No,Very High
2026-01-13,10:00,Bus Stand,72,60,Low,Green,Clear,No,Low
2026-01-13,11:00,Bus Stand,62,27,Low,Red,Cloudy,No,Low
2026-01-13,12:00,City Center,243,49,Very High,Green,Cloudy,No,Very High
2026-01-13,13:00,Bus Stand,186,37,High,Red,Rainy,No,High
2026-01-13,14:00,Railway Road,103,38,Medium,Green,Cloudy,Yes,Medium
2026-01-13,15:00,Market Road,213,26,High,Green,Rainy,Yes,High
2026-01-13,16:00,Railway Road,176,20,High,Yellow,Cloudy,No,High
2026-01-13,17:00,Market Road,132,49,Medium,Green,Cloudy,No,Medium
2026-01-13,18:00,Main Junction,207,57,High,Green,Cloudy,Yes,High
2026-01-13,19:00,City Center,258,25,Very High,Yellow,Cloudy,No,Very High
2026-01-13,20:00,Market Road,61,37,Low,Yellow,Cloudy,No,Low
2026-01-13,21:00,Main Junction,78,57,Low,Yellow,Cloudy,No,Low
2026-01-13,22:00,City Center,121,16,Medium,Red,Rainy,Yes,Medium
2026-01-13,23:00,Main Junction,104,19,Medium,Red,Rainy,No,Medium
2026-01-14,00:00,Railway Road,236,51,Very High,Red,Rainy,No,Very High
2026-01-14,01:00,Market Road,229,38,Very High,Green,Clear,No,Very High
2026-01-14,02:00,City Center,227,40,Very High,Green,Rainy,No,Very High
2026-01-14,03:00,Bus Stand,98,16,Low,Yellow,Clear,Yes,Low
2026-01-14,04:00,City Center,238,50,Very High,Red,Cloudy,No,Very High
2026-01-14,05:00,Market Road,149,54,Medium,Green,Rainy,Yes,Medium
2026-01-14,06:00,Bus Stand,102,23,Medium,Red,Cloudy,No,Medium
2026-01-14,07:00,Market Road,84,58,Low,Green,Rainy,No,Low
2026-01-14,08:00,Main Junction,188,34,High,Red,Rainy,No,High
2026-01-14,09:00,Railway Road,300,29,Very High,Red,Clear,No,Very High
2026-01-14,10:00,Bus Stand,292,16,Very High,Green,Rainy,No,Very High
2026-01-14,11:00,Market Road,106,54,Medium,Red,Clear,No,Medium
2026-01-14,12:00,Market Road,285,48,Very High,Green,Cloudy,No,Very High
2026-01-14,13:00,Bus Stand,202,56,High,Red,Cloudy,Yes,High
2026-01-14,14:00,City Center,216,23,High,Yellow,Rainy,No,High
2026-01-14,15:00,Bus Stand,261,47,Very High,Red,Clear,No,Very High
2026-01-14,16:00,Railway Road,124,25,Medium,Green,Rainy,No,Medium
2026-01-14,17:00,Railway Road,185,20,High,Green,Clear,No,High
2026-01-14,18:00,Bus Stand,195,54,High,Yellow,Clear,No,High
2026-01-14,19:00,City Center,118,25,Medium,Yellow,Rainy,No,Medium
2026-01-14,20:00,City Center,61,16,Low,Red,Clear,No,Low
2026-01-14,21:00,Bus Stand,253,54,Very High,Yellow,Clear,Yes,Very High
2026-01-14,22:00,City Center,188,56,High,Green,Cloudy,No,High
2026-01-14,23:00,Market Road,192,44,High,Red,Rainy,No,High
2026-01-15,00:00,Bus Stand,265,41,Very High,Green,Cloudy,No,Very High
2026-01-15,01:00,Railway Road,113,35,Medium,Yellow,Cloudy,No,Medium
2026-01-15,02:00,Market Road,106,38,Medium,Yellow,Rainy,No,Medium
2026-01-15,03:00,Railway Road,163,44,High,Red,Cloudy,Yes,High
2026-01-15,04:00,Bus Stand,112,21,Medium,Red,Cloudy,Yes,Medium
2026-01-15,05:00,City Center,254,30,Very High,Red,Cloudy,No,Very High
2026-01-15,06:00,Bus Stand,121,46,Medium,Yellow,Cloudy,Yes,Medium
2026-01-15,07:00,Railway Road,294,16,Very High,Red,Cloudy,Yes,Very High
2026-01-15,08:00,Bus Stand,150,52,Medium,Green,Clear,No,Medium
2026-01-15,09:00,Railway Road,293,53,Very High,Yellow,Rainy,Yes,Very High
2026-01-15,10:00,Railway Road,44,21,Low,Green,Clear,No,Low
2026-01-15,11:00,Railway Road,246,38,Very High,Red,Cloudy,No,Very High
2026-01-15,12:00,City Center,139,38,Medium,Yellow,Cloudy,No,Medium
2026-01-15,13:00,Market Road,298,43,Very High,Yellow,Cloudy,No,Very High
2026-01-15,14:00,Bus Stand,89,40,Low,Green,Cloudy,No,Low
2026-01-15,15:00,Bus Stand,141,53,Medium,Yellow,Cloudy,No,Medium
2026-01-15,16:00,Main Junction,59,23,Low,Yellow,Cloudy,Yes,Low
2026-01-15,17:00,City Center,273,24,Very High,Yellow,Rainy,No,Very High
2026-01-15,18:00,Railway Road,203,25,High,Green,Rainy,No,High
2026-01-15,19:00,City Center,212,47,High,Yellow,Rainy,Yes,High
2026-01-15,20:00,City Center,193,45,High,Red,Cloudy,No,High
2026-01-15,21:00,Main Junction,253,52,Very High,Green,Rainy,No,Very High
2026-01-15,22:00,City Center,282,31,Very High,Yellow,Rainy,No,Very High
2026-01-15,23:00,Main Junction,285,25,Very High,Yellow,Rainy,Yes,Very High
2026-01-16,00:00,Bus Stand,164,17,High,Yellow,Rainy,No,High
2026-01-16,01:00,Bus Stand,49,43,Low,Green,Cloudy,No,Low
2026-01-16,02:00,Market Road,144,41,Medium,Yellow,Rainy,Yes,Medium
2026-01-16,03:00,Main Junction,110,48,Medium,Red,Rainy,No,Medium
2026-01-16,04:00,Market Road,232,35,Very High,Red,Cloudy,No,Very High
2026-01-16,05:00,City Center,221,58,Very High,Yellow,Rainy,No,Very High
2026-01-16,06:00,City Center,287,27,Very High,Red,Cloudy,No,Very High
2026-01-16,07:00,Bus Stand,192,33,High,Yellow,Clear,Yes,High
2026-01-16,08:00,Railway Road,285,37,Very High,Yellow,Rainy,No,Very High
2026-01-16,09:00,Railway Road,102,51,Medium,Yellow,Rainy,Yes,Medium
2026-01-16,10:00,Market Road,216,24,High,Green,Clear,No,High
2026-01-16,11:00,Main Junction,217,43,High,Yellow,Cloudy,Yes,High
2026-01-16,12:00,Bus Stand,143,49,Medium,Green,Rainy,No,Medium
2026-01-16,13:00,Bus Stand,95,54,Low,Yellow,Rainy,No,Low
2026-01-16,14:00,Bus Stand,65,57,Low,Yellow,Clear,No,Low
2026-01-16,15:00,Main Junction,91,41,Low,Green,Rainy,Yes,Low
2026-01-16,16:00,Main Junction,110,15,Medium,Yellow,Clear,Yes,Medium
2026-01-16,17:00,Market Road,284,56,Very High,Red,Cloudy,No,Very High
2026-01-16,18:00,Railway Road,70,20,Low,Yellow,Rainy,No,Low
2026-01-16,19:00,City Center,59,26,Low,Green,Clear,No,Low
2026-01-16,20:00,Market Road,293,26,Very High,Yellow,Cloudy,No,Very High
2026-01-16,21:00,Main Junction,192,51,High,Yellow,Clear,No,High
2026-01-16,22:00,Railway Road,272,56,Very High,Yellow,Rainy,Yes,Very High
2026-01-16,23:00,Bus Stand,298,44,Very High,Green,Clear,No,Very High
2026-01-17,00:00,Railway Road,123,44,Medium,Yellow,Cloudy,No,Medium
2026-01-17,01:00,Main Junction,212,33,High,Yellow,Rainy,No,High
2026-01-17,02:00,Bus Stand,247,42,Very High,Yellow,Cloudy,No,Very High
2026-01-17,03:00,Market Road,88,26,Low,Red,Cloudy,No,Low
2026-01-17,04:00,Bus Stand,43,31,Low,Green,Clear,Yes,Low
2026-01-17,05:00,Railway Road,208,34,High,Yellow,Rainy,No,High
2026-01-17,06:00,Railway Road,224,59,Very High,Red,Clear,No,Very High
2026-01-17,07:00,Market Road,197,25,High,Green,Rainy,No,High
2026-01-17,08:00,Main Junction,191,38,High,Yellow,Clear,No,High
2026-01-17,09:00,Bus Stand,284,24,Very High,Green,Rainy,No,Very High
2026-01-17,10:00,Market Road,281,49,Very High,Yellow,Clear,No,Very High
2026-01-17,11:00,City Center,81,48,Low,Green,Rainy,No,Low
2026-01-17,12:00,Main Junction,97,18,Low,Yellow,Rainy,No,Low
2026-01-17,13:00,City Center,116,25,Medium,Green,Rainy,Yes,Medium
2026-01-17,14:00,Main Junction,145,60,Medium,Yellow,Cloudy,No,Medium
2026-01-17,15:00,City Center,268,18,Very High,Green,Clear,Yes,Very High
2026-01-17,16:00,Market Road,69,50,Low,Green,Rainy,No,Low
2026-01-17,17:00,Main Junction,242,31,Very High,Red,Rainy,No,Very High
2026-01-17,18:00,City Center,77,17,Low,Green,Cloudy,No,Low
2026-01-17,19:00,City Center,70,19,Low,Green,Clear,No,Low
2026-01-17,20:00,Market Road,132,23,Medium,Yellow,Rainy,Yes,Medium
2026-01-17,21:00,Railway Road,235,43,Very High,Green,Cloudy,No,Very High
2026-01-17,22:00,City Center,108,56,Medium,Green,Clear,No,Medium
2026-01-17,23:00,City Center,241,48,Very High,Red,Rainy,No,Very High
2026-01-18,00:00,Main Junction,51,34,Low,Green,Rainy,Yes,Low
2026-01-18,01:00,City Center,234,29,Very High,Red,Cloudy,No,Very High
2026-01-18,02:00,Bus Stand,181,27,High,Yellow,Clear,No,High
2026-01-18,03:00,Market Road,48,30,Low,Red,Clear,No,Low
2026-01-18,04:00,City Center,57,43,Low,Yellow,Rainy,No,Low
2026-01-18,05:00,Bus Stand,62,40,Low,Green,Clear,No,Low
2026-01-18,06:00,Main Junction,111,47,Medium,Green,Clear,No,Medium
2026-01-18,07:00,City Center,204,30,High,Green,Clear,No,High
2026-01-18,08:00,Market Road,193,32,High,Red,Rainy,No,High
2026-01-18,09:00,Market Road,293,18,Very High,Green,Rainy,Yes,Very High
2026-01-18,10:00,City Center,203,59,High,Green,Cloudy,No,High
2026-01-18,11:00,Railway Road,232,26,Very High,Yellow,Cloudy,No,Very High
2026-01-18,12:00,Bus Stand,193,60,High,Red,Cloudy,No,High
2026-01-18,13:00,City Center,251,41,Very High,Yellow,Rainy,No,Very High
2026-01-18,14:00,Market Road,164,31,High,Red,Cloudy,No,High
2026-01-18,15:00,Market Road,229,20,Very High,Yellow,Rainy,No,Very High
2026-01-18,16:00,Main Junction,177,39,High,Yellow,Rainy,No,High
2026-01-18,17:00,Main Junction,136,52,Medium,Yellow,Rainy,No,Medium
2026-01-18,18:00,Market Road,146,36,Medium,Green,Clear,No,Medium
2026-01-18,19:00,Bus Stand,100,45,Medium,Red,Rainy,No,Medium
2026-01-18,20:00,Market Road,162,50,High,Green,Cloudy,Yes,High
2026-01-18,21:00,Market Road,223,34,Very High,Green,Cloudy,Yes,Very High
2026-01-18,22:00,Market Road,90,45,Low,Green,Clear,No,Low
2026-01-18,23:00,Railway Road,251,17,Very High,Yellow,Clear,No,Very High
2026-01-19,00:00,Main Junction,173,50,High,Yellow,Rainy,Yes,High
2026-01-19,01:00,Railway Road,118,27,Medium,Green,Clear,Yes,Medium
2026-01-19,02:00,City Center,165,46,High,Yellow,Rainy,No,High
2026-01-19,03:00,Railway Road,290,56,Very High,Yellow,Cloudy,Yes,Very High
2026-01-19,04:00,Bus Stand,220,25,Very High,Red,Rainy,Yes,Very High
2026-01-19,05:00,Bus Stand,70,48,Low,Red,Clear,No,Low
2026-01-19,06:00,Main Junction,251,23,Very High,Yellow,Clear,No,Very High
2026-01-19,07:00,Bus Stand,44,28,Low,Yellow,Cloudy,No,Low
2026-01-19,08:00,Main Junction,287,57,Very High,Green,Clear,No,Very High
2026-01-19,09:00,City Center,250,15,Very High,Red,Rainy,No,Very High
2026-01-19,10:00,City Center,186,16,High,Yellow,Rainy,Yes,High
2026-01-19,11:00,Bus Stand,94,21,Low,Yellow,Clear,No,Low
2026-01-19,12:00,Bus Stand,169,37,High,Green,Cloudy,No,High
2026-01-19,13:00,Railway Road,247,44,Very High,Yellow,Clear,No,Very High
2026-01-19,14:00,Railway Road,81,56,Low,Yellow,Clear,No,Low
2026-01-19,15:00,Market Road,234,39,Very High,Yellow,Cloudy,No,Very High
2026-01-19,16:00,Main Junction,127,20,Medium,Green,Cloudy,No,Medium
2026-01-19,17:00,City Center,88,48,Low,Red,Clear,No,Low
2026-01-19,18:00,City Center,283,32,Very High,Red,Clear,No,Very High
2026-01-19,19:00,City Center,56,26,Low,Green,Clear,No,Low
2026-01-19,20:00,City Center,113,60,Medium,Green,Clear,No,Medium
2026-01-19,21:00,Bus Stand,163,51,High,Green,Rainy,No,High
2026-01-19,22:00,Market Road,111,59,Medium,Yellow,Clear,No,Medium
2026-01-19,23:00,Main Junction,90,42,Low,Red,Clear,No,Low
2026-01-20,00:00,City Center,243,35,Very High,Red,Rainy,No,Very High
2026-01-20,01:00,Market Road,291,29,Very High,Green,Rainy,Yes,Very High
2026-01-20,02:00,Market Road,135,58,Medium,Yellow,Rainy,Yes,Medium
2026-01-20,03:00,Main Junction,191,30,High,Yellow,Clear,No,High
2026-01-20,04:00,Railway Road,118,39,Medium,Yellow,Rainy,No,Medium
2026-01-20,05:00,Market Road,202,38,High,Red,Clear,No,High
2026-01-20,06:00,Railway Road,267,38,Very High,Green,Clear,No,Very High
2026-01-20,07:00,Main Junction,135,42,Medium,Green,Rainy,Yes,Medium
2026-01-20,08:00,Main Junction,53,20,Low,Green,Rainy,No,Low
2026-01-20,09:00,City Center,206,39,High,Red,Cloudy,Yes,High
2026-01-20,10:00,Market Road,83,50,Low,Red,Rainy,No,Low
2026-01-20,11:00,Market Road,126,23,Medium,Green,Cloudy,No,Medium
2026-01-20,12:00,Market Road,114,19,Medium,Red,Cloudy,No,Medium
2026-01-20,13:00,Market Road,193,45,High,Red,Cloudy,No,High
2026-01-20,14:00,Bus Stand,293,53,Very High,Yellow,Clear,Yes,Very High
2026-01-20,15:00,Main Junction,109,34,Medium,Red,Cloudy,No,Medium
2026-01-20,16:00,City Center,234,36,Very High,Green,Cloudy,Yes,Very High
2026-01-20,17:00,City Center,109,34,Medium,Green,Rainy,No,Medium
2026-01-20,18:00,Market Road,200,26,High,Green,Cloudy,No,High
2026-01-20,19:00,Market Road,164,35,High,Green,Cloudy,Yes,High
2026-01-20,20:00,Railway Road,98,51,Low,Red,Rainy,No,Low
2026-01-20,21:00,City Center,53,44,Low,Yellow,Clear,Yes,Low
2026-01-20,22:00,Railway Road,75,41,Low,Yellow,Cloudy,No,Low
2026-01-20,23:00,Railway Road,163,31,High,Yellow,Clear,Yes,High
2026-01-21,00:00,Market Road,77,43,Low,Yellow,Cloudy,Yes,Low
2026-01-21,01:00,City Center,299,59,Very High,Green,Rainy,No,Very High
2026-01-21,02:00,Railway Road,83,21,Low,Red,Rainy,No,Low
2026-01-21,03:00,Bus Stand,62,51,Low,Yellow,Rainy,Yes,Low
2026-01-21,04:00,Railway Road,260,21,Very High,Red,Clear,No,Very High
2026-01-21,05:00,Bus Stand,153,43,Medium,Green,Cloudy,Yes,Medium
2026-01-21,06:00,City Center,296,24,Very High,Green,Clear,Yes,Very High
2026-01-21,07:00,Main Junction,191,41,High,Red,Clear,No,High
2026-01-21,08:00,Railway Road,199,36,High,Green,Clear,Yes,High
2026-01-21,09:00,Railway Road,283,21,Very High,Green,Rainy,Yes,Very High
2026-01-21,10:00,Railway Road,74,34,Low,Red,Rainy,No,Low
2026-01-21,11:00,Main Junction,215,56,High,Red,Rainy,No,High
2026-01-21,12:00,Bus Stand,129,50,Medium,Red,Cloudy,Yes,Medium
2026-01-21,13:00,Market Road,158,40,Medium,Yellow,Clear,No,Medium
2026-01-21,14:00,Market Road,242,16,Very High,Yellow,Rainy,No,Very High
2026-01-21,15:00,Market Road,259,39,Very High,Red,Rainy,No,Very High
2026-01-21,16:00,Bus Stand,182,60,High,Red,Rainy,No,High
2026-01-21,17:00,City Center,135,38,Medium,Green,Clear,Yes,Medium
2026-01-21,18:00,Main Junction,174,57,High,Green,Rainy,No,High
2026-01-21,19:00,City Center,238,54,Very High,Green,Rainy,No,Very High
2026-01-21,20:00,Railway Road,220,44,Very High,Yellow,Clear,No,Very High
2026-01-21,21:00,City Center,83,58,Low,Red,Cloudy,No,Low
2026-01-21,22:00,Bus Stand,196,22,High,Red,Cloudy,No,High
2026-01-21,23:00,City Center,238,41,Very High,Yellow,Clear,Yes,Very High
2026-01-22,00:00,Market Road,135,46,Medium,Yellow,Rainy,No,Medium
2026-01-22,01:00,City Center,125,46,Medium,Green,Clear,No,Medium
2026-01-22,02:00,Railway Road,270,54,Very High,Red,Cloudy,No,Very High
2026-01-22,03:00,Market Road,109,27,Medium,Green,Rainy,Yes,Medium
2026-01-22,04:00,Market Road,291,41,Very High,Yellow,Cloudy,Yes,Very High
2026-01-22,05:00,Bus Stand,82,51,Low,Red,Clear,No,Low
2026-01-22,06:00,Main Junction,180,29,High,Yellow,Cloudy,No,High
2026-01-22,07:00,Market Road,293,50,Very High,Yellow,Clear,No,Very High
2026-01-22,08:00,Railway Road,227,49,Very High,Red,Rainy,Yes,Very High
2026-01-22,09:00,City Center,151,42,Medium,Red,Rainy,No,Medium
2026-01-22,10:00,Railway Road,56,43,Low,Green,Cloudy,No,Low
2026-01-22,11:00,Market Road,100,30,Medium,Red,Rainy,No,Medium
2026-01-22,12:00,City Center,259,25,Very High,Yellow,Clear,No,Very High
2026-01-22,13:00,Bus Stand,70,51,Low,Green,Rainy,No,Low
2026-01-22,14:00,City Center,126,35,Medium,Yellow,Cloudy,No,Medium
2026-01-22,15:00,City Center,176,47,High,Yellow,Clear,No,High
2026-01-22,16:00,Market Road,70,32,Low,Yellow,Clear,No,Low
2026-01-22,17:00,Bus Stand,114,60,Medium,Green,Clear,Yes,Medium
2026-01-22,18:00,Market Road,112,51,Medium,Yellow,Cloudy,Yes,Medium
2026-01-22,19:00,Market Road,271,19,Very High,Yellow,Clear,Yes,Very High
2026-01-22,20:00,City Center,182,59,High,Green,Cloudy,Yes,High
2026-01-22,21:00,Railway Road,41,20,Low,Yellow,Cloudy,No,Low
2026-01-22,22:00,Main Junction,243,28,Very High,Green,Clear,Yes,Very High
2026-01-22,23:00,Railway Road,205,33,High,Green,Rainy,No,High
2026-01-23,00:00,City Center,288,36,Very High,Yellow,Clear,No,Very High
2026-01-23,01:00,Main Junction,275,16,Very High,Red,Clear,Yes,Very High
2026-01-23,02:00,Market Road,40,42,Low,Red,Rainy,No,Low
2026-01-23,03:00,Railway Road,121,32,Medium,Red,Rainy,No,Medium
2026-01-23,04:00,Railway Road,82,38,Low,Yellow,Rainy,No,Low
2026-01-23,05:00,Main Junction,242,55,Very High,Green,Rainy,No,Very High
2026-01-23,06:00,Market Road,86,60,Low,Red,Clear,No,Low
2026-01-23,07:00,Market Road,79,23,Low,Yellow,Clear,Yes,Low
2026-01-23,08:00,Main Junction,44,59,Low,Green,Clear,Yes,Low
2026-01-23,09:00,Bus Stand,284,19,Very High,Red,Cloudy,No,Very High
2026-01-23,10:00,Main Junction,92,35,Low,Green,Cloudy,No,Low
2026-01-23,11:00,Market Road,108,56,Medium,Yellow,Clear,No,Medium
2026-01-23,12:00,City Center,44,54,Low,Yellow,Clear,Yes,Low
2026-01-23,13:00,Railway Road,149,55,Medium,Yellow,Clear,Yes,Medium
2026-01-23,14:00,City Center,266,28,Very High,Red,Clear,No,Very High
2026-01-23,15:00,Main Junction,236,37,Very High,Green,Cloudy,No,Very High
2026-01-23,16:00,Bus Stand,181,56,High,Red,Clear,No,High
2026-01-23,17:00,Main Junction,194,28,High,Yellow,Rainy,No,High
2026-01-23,18:00,Market Road,191,56,High,Red,Clear,Yes,High
2026-01-23,19:00,Market Road,97,30,Low,Green,Rainy,No,Low
2026-01-23,20:00,City Center,46,38,Low,Green,Clear,Yes,Low
2026-01-23,21:00,City Center,255,38,Very High,Yellow,Rainy,No,Very High
2026-01-23,22:00,Market Road,77,16,Low,Yellow,Clear,No,Low
2026-01-23,23:00,Railway Road,150,17,Medium,Red,Cloudy,No,Medium
2026-01-24,00:00,City Center,252,42,Very High,Yellow,Cloudy,No,Very High
2026-01-24,01:00,City Center,118,32,Medium,Red,Cloudy,No,Medium
2026-01-24,02:00,City Center,144,24,Medium,Yellow,Cloudy,Yes,Medium
2026-01-24,03:00,City Center,73,34,Low,Yellow,Cloudy,No,Low
2026-01-24,04:00,Main Junction,165,20,High,Green,Clear,Yes,High
2026-01-24,05:00,City Center,68,34,Low,Yellow,Rainy,No,Low
2026-01-24,06:00,Main Junction,46,60,Low,Red,Rainy,No,Low
2026-01-24,07:00,Bus Stand,294,37,Very High,Yellow,Rainy,No,Very High
2026-01-24,08:00,Bus Stand,230,23,Very High,Yellow,Cloudy,No,Very High
2026-01-24,09:00,Main Junction,211,42,High,Green,Rainy,No,High
2026-01-24,10:00,Railway Road,79,46,Low,Green,Rainy,No,Low
2026-01-24,11:00,Main Junction,295,51,Very High,Red,Cloudy,No,Very High
2026-01-24,12:00,Railway Road,92,51,Low,Yellow,Rainy,No,Low
2026-01-24,13:00,Bus Stand,300,15,Very High,Red,Clear,No,Very High
2026-01-24,14:00,Main Junction,281,38,Very High,Green,Clear,No,Very High
2026-01-24,15:00,Main Junction,254,29,Very High,Green,Clear,Yes,Very High
2026-01-24,16:00,Railway Road,178,19,High,Yellow,Cloudy,No,High
2026-01-24,17:00,City Center,66,26,Low,Red,Rainy,No,Low
2026-01-24,18:00,Market Road,75,44,Low,Green,Cloudy,No,Low
2026-01-24,19:00,Main Junction,273,15,Very High,Green,Clear,No,Very High
2026-01-24,20:00,City Center,195,54,High,Red,Cloudy,No,High
2026-01-24,21:00,City Center,292,27,Very High,Yellow,Rainy,No,Very High
2026-01-24,22:00,Bus Stand,43,41,Low,Red,Clear,No,Low
2026-01-24,23:00,Main Junction,211,15,High,Yellow,Cloudy,No,High
2026-01-25,00:00,Main Junction,145,48,Medium,Red,Cloudy,Yes,Medium
2026-01-25,01:00,Main Junction,112,60,Medium,Green,Clear,No,Medium
2026-01-25,02:00,Bus Stand,251,59,Very High,Green,Cloudy,No,Very High
2026-01-25,03:00,City Center,88,47,Low,Red,Rainy,Yes,Low
2026-01-25,04:00,Main Junction,71,42,Low,Yellow,Clear,No,Low
2026-01-25,05:00,Railway Road,173,35,High,Green,Rainy,No,High
2026-01-25,06:00,Railway Road,271,32,Very High,Red,Clear,No,Very High
2026-01-25,07:00,Bus Stand,95,24,Low,Red,Clear,Yes,Low
2026-01-25,08:00,Market Road,200,41,High,Red,Rainy,No,High
2026-01-25,09:00,Bus Stand,271,34,Very High,Green,Cloudy,No,Very High
2026-01-25,10:00,Main Junction,120,58,Medium,Green,Rainy,No,Medium
2026-01-25,11:00,Bus Stand,207,24,High,Red,Rainy,No,High
2026-01-25,12:00,Railway Road,242,47,Very High,Red,Rainy,No,Very High
2026-01-25,13:00,Railway Road,129,16,Medium,Green,Cloudy,No,Medium
2026-01-25,14:00,Main Junction,276,21,Very High,Red,Clear,No,Very High
2026-01-25,15:00,Main Junction,153,23,Medium,Red,Cloudy,No,Medium
2026-01-25,16:00,Main Junction,172,19,High,Red,Clear,No,High
2026-01-25,17:00,Market Road,105,20,Medium,Green,Clear,No,Medium
2026-01-25,18:00,Market Road,65,25,Low,Yellow,Cloudy,Yes,Low
2026-01-25,19:00,Market Road,55,39,Low,Yellow,Cloudy,No,Low
2026-01-25,20:00,Railway Road,149,26,Medium,Green,Cloudy,Yes,Medium
2026-01-25,21:00,Bus Stand,57,54,Low,Yellow,Rainy,No,Low
2026-01-25,22:00,Railway Road,295,41,Very High,Yellow,Cloudy,No,Very High
2026-01-25,23:00,Main Junction,183,39,High,Red,Cloudy,No,High
